input,time
100,0.0006299666667170337
500,0.01886360000003151
1000,0.07762453333339181
1500,0.17753476666666757
3000,0.7321891999999176
5000,2.0978052666666827
8000,5.473363533333365
10000,8.776424600000004
