input,time
100,0.000187966666999273
1000,0.0026203999999173297
10000,0.035165666666822894
100000,0.39740323333353444
250000,1.147399499999968
500000,2.538377300000017
1000000,5.763015799999873
