input,time
100,3.63600003765896e-05
1000,0.0004405200001201592
10000,0.005476200000339304
100000,0.06794708000015817
250000,0.2072695599996223
500000,0.4284706200003711
1000000,0.9436751000001096
