input,time
100,5.084000003989786e-05
1000,0.0004420599994773511
10000,0.005579500000021653
100000,0.07548018000052252
250000,0.20033598000009079
500000,0.42849956000027306
1000000,0.967216240000198
