input,time
100,3.418000051169656e-05
1000,0.0003509400001348695
10000,0.004626819999975851
100000,0.05594177999992098
250000,0.14918374000008044
500000,0.2876792599996406
1000000,0.6182371199993213
