input,time
100,2.5720000030560187e-06
1000,1.4508000022033228e-05
10000,0.0002156359999935375
100000,0.00320688999997401
250000,0.016200597999959425
500000,0.02916010599997208
1000000,0.06708286999994925
