input,time
100,3.7400000110210385e-06
1000,4.193999993731268e-05
10000,0.0004886200000328245
100000,0.006594439999935276
250000,0.02628478000005998
500000,0.06019081999993432
1000000,0.12458849999993618
